tvec_x;tvec_y;tvec_z;rvec_x;rvec_y;rvec_z
-11.6158;-4.1018;38.7982;0.0050074;0.171724;0.0185259
-11.438;-4.14554;38.1688;-0.0708241;0.182333;0.0176825
-11.4122;-4.1353;38.6433;-0.0567758;0.164104;0.018012
-11.4476;-4.00657;39.146;-0.0451195;0.166672;0.0226807
-11.4321;-3.94466;39.6589;-0.0256103;0.156959;0.0246652
-11.4794;-4.04354;40.8839;-0.0165793;0.0142755;0.0188829
-11.4218;-4.03365;41.114;-0.0105498;0.101683;0.0258531
-11.3573;-4.15648;40.904;-0.053049;0.146862;0.0305945
-11.2499;-4.22534;41.6133;-0.0360897;0.141806;0.0282526
-11.1138;-4.34185;41.9585;-0.0406381;0.154355;0.0268634
-11.1084;-4.34442;42.6703;-0.0509535;0.115557;0.0262959
-11.0225;-4.48762;43.8025;-0.056534;0.0893388;0.0232883
-10.8157;-4.48252;43.2577;-0.0923483;0.239415;0.0305011
-10.8027;-4.43216;43.981;-0.0717303;0.324723;0.0411186
-10.7514;-4.80646;46.3824;-0.0986017;0.0324301;0.0260556
-10.6052;-4.93952;47.0724;-0.0943147;0.124124;0.0324106
-10.5019;-5.06776;48.126;-0.0332656;0.165743;0.0369162
-10.4459;-5.19437;49.5636;-0.0330668;0.131895;0.0387517
-10.1564;-5.42231;50.3474;-0.123396;0.10991;0.0414742
-9.95942;-5.42475;50.7257;-0.0612957;0.198233;0.0472176
-9.75931;-5.56749;51.9719;-0.0396399;0.199896;0.0419843
-9.49657;-5.56625;53.1428;-0.0644021;0.200622;0.0555383
-9.30926;-5.7044;54.4778;-0.110889;0.0600252;0.046148
-9.01739;-5.76195;56.7235;0.0376907;0.00597631;0.0394918
-8.78039;-5.6701;57.0497;-0.0510978;0.0707446;0.0379159
-8.65117;-5.6877;57.7861;-0.0959978;0.0922374;0.0451865
-8.42943;-5.66545;58.5078;-0.125342;0.0598073;0.042854
-8.3233;-5.65648;59.5994;-0.113218;0.108829;0.0448811
-8.21597;-5.55885;62.151;-0.0102778;0.053764;0.0424849
-8.14839;-5.43655;63.2371;-0.0332;-0.0224236;0.043251
-8.12142;-5.28432;63.0623;-0.130282;0.062875;0.0505949
-8.11633;-5.09656;64.6151;-0.132981;0.0171414;0.0469334
-8.08184;-4.9591;66.1284;-0.104472;-0.0742067;0.0467707
-7.99843;-4.74357;65.9698;-0.210977;0.0241351;0.0453397
-7.90118;-4.56549;65.9999;-0.23254;0.149867;0.0418059
-7.92629;-4.24941;67.5608;-0.305428;0.0148633;0.0421481
-7.87701;-3.98183;70.9813;-0.0696576;0.0401673;0.0220832
-7.91492;-3.76043;71.4573;-0.181337;0.0412829;0.0161425
-7.89243;-3.65656;73.4079;-0.107802;-0.0808752;0.00686963
-7.62427;-3.62111;72.7038;0.320949;0.100636;6.25535
-7.38691;-3.47456;73.669;0.289321;-0.00391539;6.25595
-7.35987;-3.44199;74.7688;0.299047;0.0349937;6.25857
-7.01697;-3.46924;73.4361;0.475595;-0.0209386;6.23145
-6.89214;-3.40545;75.1363;0.424219;0.00741701;6.24124
-6.68911;-3.5982;77.6525;0.27753;0.048631;6.24419
-6.53992;-3.51076;77.2899;0.377255;0.224595;6.24538
-6.53369;-3.54268;76.4331;0.412376;0.0114839;6.23141
-6.22228;-3.52768;77.4081;0.410506;-0.015862;6.22975
-6.22853;-3.54785;79.6761;0.28913;0.0682475;6.23782
-6.00206;-3.55422;77.2269;0.438462;-0.0598446;6.22076
-5.8904;-3.59581;79.3339;0.279562;-0.204262;6.23632
-5.8493;-3.8471;77.8657;0.423799;0.080428;6.22024
-5.8638;-3.83809;80.0078;0.282841;0.0015231;6.24502
-5.74406;-3.88811;78.6981;0.383378;0.0990828;6.23864
-5.77983;-3.98324;80.5638;0.244658;0.0907902;6.25416
-5.92855;-4.24655;80.2724;0.159197;-0.14767;6.24959
-6.05509;-4.14075;80.3674;0.22021;0.18955;6.26072
-6.14614;-4.35552;81.3394;0.185644;0.153791;6.26869
-6.50102;-4.6101;80.1546;-0.21529;-0.0653946;0.00816807
-6.8199;-4.82622;79.9325;-0.220884;-0.0291248;0.0133304
-7.28579;-5.02008;79.3346;-0.260868;-0.0211047;0.0179481
-7.69056;-5.35397;78.2788;-0.311622;-0.0132637;0.0273545
-8.45941;-5.38527;80.8074;-0.185335;-0.0848215;0.0306474
-8.79943;-5.55992;80.5658;-0.213534;-0.138771;0.0282499
-9.34403;-5.83256;80.9428;-0.168361;-0.134382;0.0180486
-9.83858;-5.81068;78.7712;-0.361699;-0.0113888;0.0348485
-10.5695;-5.9215;79.291;-0.351267;-0.0489932;0.0315475
-11.1232;-5.98856;80.031;-0.26775;-0.0159839;0.0199675
-11.7759;-6.18044;80.6295;-0.172665;-0.00226657;0.010169
-11.9806;-6.23284;77.6058;0.46231;-0.018405;6.24703
-13.0472;-6.70228;79.7371;-0.222234;0.0551531;0.0122112
-13.3882;-6.79237;78.498;-0.409009;-0.0842617;0.0297706
-14.0263;-7.03693;76.9105;-0.492362;-0.0510451;0.051687
-14.8936;-7.29248;77.7796;-0.426992;0.0758247;0.0486198
-15.6553;-7.49612;76.8305;-0.485311;-0.037811;0.0755507
-16.681;-7.86572;77.4874;-0.396619;0.147461;0.0671238
-17.3447;-8.21273;76.9121;-0.467121;-0.0664643;0.0801908
-18.2586;-8.7007;76.8996;-0.407648;0.167758;0.0709848
-18.8363;-8.97013;75.4352;-0.554246;-0.0156909;0.112969
-19.9653;-9.58638;76.1528;-0.429142;0.0344041;0.104016
-20.2094;-9.8287;74.9547;-0.522172;-0.0374704;0.106292
-22.0355;-10.1405;78.0719;-0.18997;-0.177235;0.0986713
-21.9136;-10.3627;75.6776;-0.475239;-0.0389371;0.101966
-22.8652;-10.3564;76.4342;-0.440579;-0.121785;0.101166
-23.7903;-10.2932;75.3446;-0.426623;0.0910349;0.0958147
-25.1826;-10.2189;77.7752;-0.307447;-0.149026;0.0916043
-25.9214;-10.2607;76.5368;-0.368268;-0.00116634;0.0838091
-26.2283;-9.98872;74.3335;-0.516537;-0.230304;0.130547
-27.805;-10.3328;76.2493;-0.416925;-0.0587362;0.0771285
-28.8631;-10.4642;76.8167;-0.346084;0.00777841;0.0551756
-30.0555;-10.8859;78.6955;-0.204845;-0.160233;0.047093
-30.5961;-10.9808;76.5562;-0.379067;0.171136;0.0393677
-31.423;-11.2638;76.7524;-0.414658;-0.00499518;0.0551712
-31.9496;-11.5107;75.7342;-0.515355;0.0184648;0.0639749
-33.0607;-11.781;76.5037;-0.446835;-0.226041;0.0814049
-34.1111;-12.0703;76.7718;-0.412855;-0.0781174;0.0557319
-35.2328;-12.2663;77.0218;-0.448101;-0.0167254;0.0598411
-35.5025;-12.2801;75.4405;0.310489;-0.28924;6.24861
-36.6451;-12.5744;76.4695;-0.477395;-0.302155;0.119294
-37.3849;-12.9046;75.9502;-0.473392;-0.0833986;0.0997354
-38.2046;-13.3108;76.1061;-0.435548;-0.00737676;0.0796323
-38.2397;-13.5234;74.9828;-0.53571;0.30035;0.0743774
-39.0869;-13.9323;75.9259;-0.526599;-0.00461043;0.101668
-39.4362;-14.3123;76.7598;-0.399737;-0.0853356;0.0806261
-38.8329;-14.2155;75.0644;-0.32838;0.291862;0.045648
-38.8329;-14.4442;74.656;-0.474093;0.318368;0.0895191
-38.9713;-14.8126;76.2854;-0.30504;0.247185;0.0471965
-38.4265;-14.8219;76.0254;-0.505909;0.186135;0.0858801
-38.2831;-15.0481;76.6762;-0.492835;-0.113431;0.136611
-38.2408;-14.9557;77.0962;-0.346875;-0.16916;0.13015
-37.6247;-15.0814;76.8239;-0.527121;0.0521563;0.13356
-37.11;-14.9908;76.6875;-0.631078;-0.252702;0.209556
-37.3768;-15.1928;77.5164;-0.517835;0.0336592;0.148519
-37.2191;-15.2143;77.4344;-0.585038;0.0584108;0.170379
-36.8049;-15.1523;77.1109;-0.548835;0.29723;0.148139
-36.6362;-15.304;77.9836;-0.423057;-0.24117;0.175552
-36.3873;-15.3194;77.4238;-0.358441;-0.2027;0.151029
-36.6503;-15.5074;78.1434;-0.463689;0.0525186;0.136325
-35.7273;-15.5864;77.2515;-0.572411;-0.163128;0.176552
-36.1488;-15.6444;77.6882;-0.519848;0.00754486;0.151465
-35.6696;-15.6012;76.5521;-0.629656;0.0476871;0.167682
-36.0553;-16.0633;77.9876;-0.437392;-0.0793033;0.136066
-36.0026;-15.9426;77.5911;-0.501716;0.205531;0.141498
-35.754;-15.6663;77.0324;-0.565571;-0.0540288;0.164076
-35.8698;-15.4144;77.2725;-0.500599;0.0445727;0.13748
-35.2963;-14.6733;76.1909;-0.5923;-0.181508;0.178706
-35.6054;-14.1251;77.1442;-0.491743;-0.0909811;0.141866
-35.5772;-13.1902;77.7493;-0.409504;-0.160894;0.123199
-35.1638;-12.1532;76.8941;-0.46704;0.0949996;0.102688
-35.0528;-10.9516;77.4583;-0.400896;-0.0781302;0.0984116
-34.8829;-9.67681;77.3625;-0.528687;-0.0901963;0.120912
-34.6602;-8.46667;77.2356;-0.47919;0.00307415;0.0965839
-34.0046;-7.32326;75.7866;-0.636104;0.183623;0.109338
-34.3891;-6.2973;76.9753;-0.527422;-0.0359636;0.106403
-33.9872;-5.31287;76.0225;-0.568824;-0.054021;0.122715
-33.6612;-4.20938;75.3452;-0.666383;-0.0736574;0.142664
-33.9081;-3.24331;76.1652;-0.489266;-0.328426;0.166966
-33.4268;-2.19504;74.7407;-0.532321;0.0769726;0.108389
-33.9095;-1.29721;75.4007;-0.572928;-0.200738;0.163914
-34.1585;-0.294179;76.0598;-0.414492;-0.132272;0.136276
-34.1056;0.257132;75.4105;-0.483676;-0.415357;0.189559
-33.4544;0.448772;73.4671;-0.65512;-0.127696;0.147235
-33.8751;1.08434;73.8292;-0.535085;-0.277829;0.164471
-33.646;1.44112;73.1836;-0.542962;-0.198786;0.15431
-33.8925;1.71248;73.4673;-0.454146;-0.0651304;0.122622
-33.8542;2.39588;73.1041;-0.395438;-0.0989141;0.132757
-33.4434;2.92783;72.3288;-0.547702;-0.200482;0.165718
-33.8899;3.50044;73.0292;-0.430979;-0.265042;0.164532
-33.7637;4.08535;72.6769;-0.469297;-0.110848;0.148234
-33.4433;4.18544;71.1658;-0.545932;-0.145643;0.164805
-34.6347;4.72347;73.9268;-0.407905;-0.34842;0.177179
-34.3845;4.91769;72.5553;-0.44702;-0.199367;0.160879
-34.3404;5.07554;72.2835;-0.531586;-0.428633;0.223811
-33.8027;5.1573;70.0029;-0.67496;-0.0440217;0.177247
-34.358;5.30291;72.2017;-0.546503;-0.255213;0.172189
-34.2309;5.49452;71.9142;-0.581436;-0.135326;0.145482
-34.1431;5.48947;72.1831;-0.611739;-0.234891;0.164179
-34.7244;5.47249;73.4559;-0.526045;-0.334627;0.161234
-34.2547;5.36815;73.8151;-0.526505;-0.195009;0.1269
-33.4899;4.99204;72.0005;-0.472596;0.0849662;0.0879709
-33.2142;4.55453;72.6842;-0.547317;0.0474896;0.0940001
-31.7761;3.82665;69.6029;-0.732161;0.112096;0.121456
-33.3698;3.83391;74.3365;-0.490519;-0.160886;0.119876
-32.6518;3.10857;73.692;-0.558876;-0.126815;0.127257
-31.9975;2.45589;73.1085;-0.515874;0.110324;0.10216
-31.7948;1.97859;74.4549;-0.484648;-0.219916;0.131386
-30.9141;1.29764;73.973;-0.538572;0.0185522;0.107735
-29.7213;0.693867;72.6744;-0.401143;0.0971455;0.0732147
-29.2247;0.156771;73.5437;-0.539659;-0.0532785;0.100598
-28.1811;-0.194396;73.9917;-0.603362;-0.33592;0.151978
-26.6752;-0.800373;72.2012;-0.590253;-0.00674023;0.0927095
-26.2069;-0.695879;74.2703;-0.529415;-0.115154;0.0963665
-24.5026;-1.13367;72.1667;-0.58772;-0.00708972;0.0967031
-23.5684;-1.23885;73.1372;-0.515273;-0.0945828;0.0886905
-21.9673;-1.37707;71.82;-0.611721;-0.117761;0.108121
-20.6155;-1.34752;71.2993;-0.594682;0.00737283;0.10792
-18.9715;-1.45488;70.265;-0.619301;0.081011;0.10824
-18.1272;-1.5538;71.1327;-0.617317;-0.177866;0.126548
-17.2649;-1.538;71.0793;-0.605114;-0.115192;0.135189
-16.0874;-1.54245;70.971;-0.556116;-0.0495726;0.120421
-15.2497;-1.40211;72.03;-0.496974;-0.15341;0.11629
-14.0061;-1.30654;70.3893;-0.593787;-0.118427;0.13086
-13.1946;-1.06033;72.8687;-0.4194;-0.140826;0.101595
-12.0471;-0.86418;70.7166;-0.574871;-0.190938;0.117954
-11.0932;-0.773361;70.024;-0.561283;-0.212146;0.11068
-10.3527;-0.734007;70.0744;-0.5451;-0.0817338;0.0933165
-9.57532;-0.613076;71.0963;-0.504152;-0.150306;0.0840277
-8.75132;-0.567092;72.0018;-0.378373;-0.0407117;0.0630732
-7.9289;-0.44636;69.6958;-0.462389;-0.00458754;0.0721776
-7.01554;-0.490787;69.216;-0.508568;-0.0035503;0.0813312
-6.51187;-0.434148;69.584;-0.414828;0.0252114;0.0838392
-5.59182;-0.366791;70.5369;-0.402097;-0.130984;0.0845188
-4.94616;-0.321959;70.8147;-0.383391;-0.216166;0.0853381
-4.4302;-0.482975;69.6526;-0.443868;-0.155529;0.0949064
-3.72694;-0.433893;71.8917;-0.295944;-0.242612;0.0780919
-3.31072;-0.360744;74.0223;-0.0896482;-0.130996;0.0640909
-2.69486;-0.6106;70.4777;-0.328826;-0.162342;0.0682435
-2.11821;-0.578798;69.9634;-0.340487;-0.0916674;0.06493
-1.50206;-0.283935;71.586;-0.229789;-0.0624926;0.0539972
-0.96786;-0.218077;69.2221;-0.420782;-0.151761;0.0699249
-0.397258;0.267621;70.0969;-0.33943;-0.000749851;0.0625363
-0.128429;0.658391;70.7012;-0.369686;-0.203461;0.0652437
0.051302;0.807145;70.1734;-0.404315;-0.172375;0.0675178
0.223328;1.29654;71.9772;-0.296693;-0.120163;0.0461743
0.182541;1.48187;70.4116;-0.37731;-0.0823734;0.0563506
0.218721;1.79064;71.3801;-0.348679;-0.109298;0.0416453
0.16554;1.95317;70.0834;-0.454478;-0.165095;0.0531911
0.233386;2.14342;70.6453;-0.405534;-0.00909958;0.0331235
0.17816;2.20884;69.6358;-0.38825;0.0238229;0.0274172
0.157816;2.53178;71.5499;-0.390706;-0.246708;0.0332484
0.196898;2.81338;72.3735;-0.325299;-0.213478;0.0297084
0.0482768;2.50353;69.7808;-0.449203;-0.165305;0.0403983
0.121532;2.49553;69.957;-0.398098;-0.0249309;0.0452366
0.242179;2.33298;70.9715;-0.375896;-0.173607;0.0378925
0.367682;2.18551;71.489;-0.330231;-0.165037;0.0399303
0.612975;1.91875;71.6371;-0.304325;-0.261884;0.0438409
0.651658;1.71838;70.1492;-0.360401;-0.109364;0.0543731
0.982189;1.57402;70.7435;-0.260858;0.0196376;0.0497438
1.20951;1.39006;69.8051;-0.367581;-0.0957227;0.0644961
1.54723;1.39494;70.346;-0.346936;-0.219005;0.0705252
1.71291;1.27685;69.7902;-0.356121;-0.264177;0.0699034
1.96588;1.33632;70.4132;-0.312022;-0.205099;0.0668027
2.41194;1.39726;70.5734;-0.273648;-0.179552;0.0581291
2.53494;1.44986;69.5744;-0.336119;-0.134595;0.0715504
3.05381;1.45744;70.0008;-0.297026;-0.154906;0.0520042
3.14972;1.23516;67.7445;-0.376751;-0.0444859;0.0574226
3.46359;1.07127;69.6151;-0.294206;-0.134216;0.0436287
3.68118;0.753082;68.5259;-0.355338;-0.142602;0.0433863
3.65395;0.282304;67.3783;-0.359644;-0.0513163;0.0475675
4.01843;-0.27879;68.5148;-0.267775;0.00854119;0.0424104
4.16507;-0.960193;68.8507;-0.310151;-0.113544;0.0400453
4.33805;-1.84632;69.8777;-0.214079;-0.104638;0.041212
4.30469;-2.72678;69.1003;-0.250814;-0.0800407;0.0540759
4.54336;-3.73666;70.3352;-0.209918;-0.183516;0.059802
4.44658;-4.87887;69.0185;-0.29012;-0.175816;0.0764869
4.39856;-5.94793;69.0059;-0.218418;-0.0843697;0.0788017
4.32098;-7.0137;68.8546;-0.25074;-0.163287;0.0877489
4.26311;-8.34074;69.6911;-0.238494;-0.160544;0.0887805
3.92817;-9.08502;68.178;-0.287209;-0.0643666;0.112247
3.97893;-10.3524;70.1075;-0.17381;-0.0417473;0.105892
3.93212;-11.301;69.9931;-0.164888;-0.0744857;0.110887
3.66836;-12.1687;69.0765;-0.231321;-0.114601;0.119715
3.45131;-13.0008;67.8062;-0.308719;-0.108216;0.127696
3.17136;-13.6488;66.4157;-0.357686;-0.031016;0.137861
3.30169;-14.5708;66.976;-0.353124;-0.0302803;0.133928
3.18326;-15.2168;67.4407;-0.273866;0.0840647;0.126808
2.9803;-15.5122;65.6634;-0.349678;0.0223306;0.129186
2.9803;-15.5122;65.6634;-0.349678;0.0223306;0.129186
2.9803;-15.5122;65.6634;-0.349678;0.0223306;0.129186
2.9803;-15.5122;65.6634;-0.349678;0.0223306;0.129186
2.9803;-15.5122;65.6634;-0.349678;0.0223306;0.129186
2.9803;-15.5122;65.6634;-0.349678;0.0223306;0.129186
2.9803;-15.5122;65.6634;-0.349678;0.0223306;0.129186
2.9803;-15.5122;65.6634;-0.349678;0.0223306;0.129186
2.9803;-15.5122;65.6634;-0.349678;0.0223306;0.129186
2.9803;-15.5122;65.6634;-0.349678;0.0223306;0.129186
2.20022;-16.0972;68.8174;-0.17066;0.113195;0.097062
1.81933;-15.2515;67.2235;-0.280414;-0.0348863;0.101849
1.84153;-14.976;67.7724;-0.236658;0.0588404;0.0993335
1.77855;-14.392;67.1287;-0.280404;0.0393245;0.106835
1.79861;-14.0695;67.2374;-0.285107;0.0636978;0.1094
1.85136;-13.921;67.6811;-0.265526;-0.0103385;0.104135
1.94903;-13.8889;67.951;-0.253594;0.0877637;0.106821
1.97532;-13.7063;67.1191;-0.297039;0.0665721;0.109582
2.11324;-13.8351;68.4706;-0.188597;0.0452992;0.10053
2.15496;-13.5578;66.4983;-0.331297;0.00578175;0.112921
2.32833;-13.7341;67.4623;-0.243317;0.0676065;0.106785
2.42987;-13.5694;66.324;-0.336424;0.0968232;0.128272
2.60477;-13.7267;66.8804;-0.279385;0.0372297;0.105517
2.76989;-13.8502;67.9478;-0.22743;-0.0606534;0.0995311
2.70971;-13.6758;66.6178;-0.240796;0.0941787;0.112078
3.02207;-13.783;69.0912;-0.0716729;0.00310296;0.0932858
3.20349;-13.5697;66.7205;-0.229305;0.00635159;0.0946331
3.29425;-13.5619;66.7253;-0.200724;0.0472231;0.0949989
3.4218;-13.4388;66.2363;-0.221958;-0.0390631;0.0906905
3.54158;-13.4158;66.3506;-0.185647;0.0480115;0.0896975
3.60097;-13.1572;65.437;-0.233164;0.103536;0.0988618
3.61288;-12.9263;64.48;-0.300126;0.059165;0.103721
3.9285;-12.996;66.3067;-0.162459;0.0135213;0.0875907
4.00136;-12.6033;65.4374;-0.205622;-0.0341081;0.0892106
3.98718;-12.2803;64.329;-0.286255;0.0280165;0.103814
4.18241;-12.2016;65.0667;-0.229377;-0.00989383;0.0905693
4.2751;-11.9113;64.4924;-0.290472;0.0196075;0.0935978
4.44986;-11.902;65.1368;-0.235142;0.0229291;0.0811604
4.36229;-11.7432;64.435;-0.24747;0.11034;0.0831413
4.56117;-11.7843;64.6729;-0.249525;0.00836679;0.0613007
4.69239;-11.6809;64.527;-0.27324;0.0547135;0.0570525
4.87437;-11.9218;66.0096;-0.164631;0.0245304;0.0437546
4.89947;-11.8751;65.7447;-0.183274;0.0646827;0.0446682
4.93513;-11.8047;65.3609;-0.21149;0.0087641;0.0380976
4.97099;-11.8706;65.8114;-0.179051;0.0702994;0.0397601
4.9509;-11.797;65.1413;-0.256049;0.00887044;0.0478856
4.90294;-11.8655;65.4687;-0.224338;-0.0102227;0.0441554
4.76566;-11.8929;64.8871;-0.245;0.0613082;0.0533026
4.70946;-11.9579;65.0814;-0.236916;0.0265399;0.051885
4.54858;-11.9766;64.9206;-0.240109;0.0664447;0.0583478
4.53344;-12.082;65.5062;-0.194206;0.0859581;0.0515511
4.21907;-11.9494;64.9066;-0.2304;0.00602728;0.0513372
3.86439;-11.8603;64.924;-0.216885;-0.0135153;0.0510704
3.57395;-11.8435;65.1471;-0.196458;-0.0113068;0.0466669
3.11001;-11.696;65.2485;-0.158635;0.210097;0.0656004
2.32593;-11.6606;65.615;-0.132407;0.0620854;0.0571165
1.74299;-11.4008;63.6326;-0.207998;0.14255;0.0611958
1.20187;-11.248;63.1;-0.257389;0.0617088;0.0655143
0.420527;-11.3719;64.7313;-0.145041;0.0584403;0.0671653
-0.29265;-10.8224;62.051;-0.300153;0.0760513;0.0685318
-1.12594;-10.5891;60.2194;-0.287662;0.210407;0.073372
-1.94778;-10.4232;62.4107;-0.157749;0.171163;0.0564363
-2.76081;-10.1723;62.3637;-0.185665;0.0995176;0.053979
-3.85219;-9.99954;62.8218;-0.055434;0.110408;0.0485275
-4.75689;-9.80148;62.4858;-0.130812;0.0184652;0.0465973
-5.80309;-9.58361;63.0331;-0.0593149;0.0468742;0.0460213
-6.77548;-9.14024;60.6574;-0.224407;0.166028;0.0607368
-7.99262;-8.94768;61.5781;-0.139905;0.101762;0.0563173
-8.92088;-8.57422;60.5383;-0.187823;0.232887;0.0663097
-10.1638;-8.24201;61.4187;-0.171224;0.0108708;0.0465305
-11.2053;-7.84139;60.8298;-0.210494;0.0948194;0.059063
-11.954;-7.63389;60.3405;-0.26621;0.119275;0.0447297
-12.8106;-7.36768;60.2199;-0.171954;0.276214;0.0371719
-13.6563;-7.24623;60.6299;-0.23696;0.0429702;0.0286572
-13.9754;-6.85243;57.9764;-0.376803;0.321033;0.0395979
-14.8906;-6.8037;59.0328;-0.343047;0.210128;0.0295516
-15.6945;-6.68959;60.2605;-0.29584;0.164065;0.0225434
-16.3181;-6.44616;60.5753;-0.249066;0.258887;0.0195432
-17.2711;-6.33359;62.6465;-0.108121;-0.110579;0.0191257
-17.4547;-6.43331;63.2717;0.261792;0.106848;6.26842
-17.2102;-6.29826;60.2483;0.441412;-0.0467238;6.24765
-17.2552;-6.11924;60.1438;0.331776;-0.265248;6.24795
-17.2039;-5.93308;60.0532;-0.395017;0.125661;0.0314824
-17.1684;-5.73593;60.5066;0.319158;-0.171098;6.25779
-17.0531;-5.34946;60.2572;-0.391874;0.0803995;0.0301879
-17.011;-4.75774;60.9985;-0.327711;0.193394;0.0268824
-16.9828;-4.17422;61.9575;-0.316659;-0.0210557;0.0425473
-16.5984;-3.67671;61.382;-0.340369;-0.0196181;0.0427482
-16.4071;-3.15291;62.2361;-0.220494;-0.0989845;0.0493808
-15.8776;-2.90601;61.6633;-0.340322;-0.179324;0.059499
-15.7673;-2.59688;61.8117;-0.308708;-0.156273;0.0525442
-15.1747;-1.91326;61.5576;-0.299166;-0.107016;0.0578422
-14.7948;-1.82333;61.0819;-0.332549;-0.0922971;0.0505195
-14.7807;-1.41997;61.5451;-0.314744;-0.176291;0.0532996
-14.2389;-1.39776;58.3388;-0.436293;-0.0572785;0.0573801
-14.315;-1.05841;60.7167;-0.243067;-0.110541;0.0379176
-14.2033;-0.824951;59.3008;-0.369003;-0.110904;0.0533467
-14.1253;-0.722974;58.9837;-0.328964;-0.0951107;0.0436833
-14.2756;-0.777447;60.3806;-0.228908;-0.169792;0.0365729
-14.5209;-0.830157;61.337;-0.00568612;-0.0144089;0.0324318
-14.2498;-1.32402;60.6166;-0.181727;-0.0272943;0.0307321
-14.3724;-1.50327;62.6351;-0.061916;-0.164152;0.042429
-14.0965;-2.28023;61.7712;-0.202584;-0.0136843;0.0269387
-13.8542;-2.92785;62.3618;-0.170998;-0.0026151;0.0206607
-13.9137;-3.71039;66.175;-0.166712;-0.161942;0.0298971
-13.8963;-4.12581;67.9043;-0.149518;-0.119055;0.0311885
-13.5032;-4.40061;67.5184;-0.206299;0.0852933;0.0327058
-13.7904;-4.66723;70.2059;-0.04078;0.182629;0.0360733
-13.7139;-5.13467;72.624;-0.193392;-0.0355305;0.0204829
-13.5655;-5.22835;73.5356;-0.219208;0.0510884;0.0411584
-13.4512;-5.7303;74.3873;-0.361191;0.0421708;0.0505741
-13.8949;-6.24279;79.1373;-0.191517;-0.0802508;0.0403531
-14.0283;-6.6789;80.8392;-0.180463;0.0982979;0.0466362
-13.8669;-7.29235;79.933;-0.349706;0.101366;0.0558115
-14.2997;-7.93591;83.4176;-0.31983;-0.160121;0.0580677
-14.6682;-8.20936;84.5986;-0.293217;0.195534;0.0294927
-15.0303;-8.54344;85.8941;-0.353981;0.130576;0.0303508
-15.2962;-8.54995;88.0434;0.396137;0.0685898;6.25523
-15.7013;-8.48428;88.0116;0.389835;0.00221317;6.24659
-15.5652;-7.97091;85.6762;0.583645;-0.115997;6.21696
-15.6571;-7.70789;87.1154;0.509105;-0.228084;6.19094
-16.2265;-7.31035;89.802;0.523096;0.0872863;6.19983
-16.1406;-7.12348;89.7315;0.599336;0.174354;6.1822
-16.7781;-6.83291;92.4997;0.4955;0.255673;6.18573
-16.5749;-6.06611;89.6339;0.650322;0.0061498;6.17387
-17.4645;-5.96485;94.2405;0.338088;-0.090135;6.2306
-17.4267;-5.73521;93.7967;0.479333;0.303356;6.22311
-17.7422;-5.57848;95.6963;0.338059;0.2231;6.24607
-17.4885;-5.4933;93.0058;-0.573564;-0.295698;0.0688023
-17.4967;-5.50921;92.3234;-0.589903;-0.398718;0.0958835
-17.4605;-5.69464;91.9737;-0.572785;-0.372069;0.0946673
-17.2601;-5.84765;91.0869;-0.621122;-0.339266;0.0970731
-17.0888;-5.94448;90.0251;-0.692888;-0.17591;0.097987
-17.1772;-6.3279;91.8259;-0.571602;-0.267003;0.0719818
-17.2326;-6.44168;90.8241;-0.581062;0.0109425;0.056402
-17.2524;-6.62604;91.6545;-0.537079;-0.201332;0.061377
-17.0137;-6.68687;89.685;-0.590819;-0.283095;0.0842567
-16.7233;-6.81068;87.2349;-0.691175;-0.0892194;0.0832445
-17.3587;-6.7082;92.8349;-0.405539;-0.30649;0.0557717
-17.47;-6.87949;90.7546;-0.43822;-0.0574156;0.0457137
-17.134;-6.91053;88.6789;-0.54021;-0.194354;0.0643075
-17.1106;-7.01259;88.2194;-0.538605;-0.178791;0.057736
-16.9509;-7.16109;87.0619;0.566386;0.151395;6.22415
-16.7924;-7.32684;86.5097;0.552381;0.104829;6.20742
-16.8768;-7.60883;87.7683;0.35377;0.195486;6.20304
-16.5039;-7.74765;87.2234;0.353508;-0.107272;6.17019
-16.422;-8.10354;88.5882;0.130738;0.156078;6.12565
-15.741;-7.94655;85.9648;0.395093;-0.0134744;6.05425
-14.9707;-8.02913;86.8589;0.333046;0.200464;5.98635
-13.6901;-7.94967;80.3332;0.591314;0.0952612;5.87846
-13.782;-7.97487;83.8964;0.38823;0.103283;5.83358
-13.0599;-7.73099;83.0106;0.46259;0.179415;5.74991
-12.6663;-7.915;82.1502;0.403454;0.0976066;5.70514
-12.0964;-8.20424;82.6276;0.323202;0.0475482;5.65159
-11.8478;-8.48983;84.0797;0.303051;0.268871;5.60381
-11.0377;-8.89032;81.6948;0.417918;0.107414;5.56658
-10.4633;-9.43949;82.5008;0.311305;0.03892;5.54902
-10.0747;-9.79045;83.3923;0.430477;0.250423;5.51264
-9.26719;-10.1825;79.236;0.471337;-0.030852;5.47742
-9.1191;-10.8267;82.4795;0.248632;0.00752797;5.47283
-8.9327;-11.0105;82.2934;0.364873;0.121542;5.45898
-8.25288;-11.0804;80.2594;0.456064;0.0912635;5.42346
-8.08482;-11.3741;80.4186;0.29646;-0.0353573;5.42332
-8.01002;-11.6324;81.7475;0.27624;0.0369618;5.41677
-7.64764;-11.8221;80.1312;0.281288;-0.041562;5.39554
-7.43829;-11.8027;79.2465;0.389585;0.0132196;5.37958
-7.35945;-12.0296;79.1418;0.382325;-0.039138;5.38027
-7.06459;-11.9769;76.9588;0.418223;-0.118418;5.38368
-7.59251;-12.561;81.3161;0.3366;0.0738504;5.43132
-7.0629;-12.5121;79.2124;0.414813;-0.0157161;5.4449
-7.11269;-12.6401;79.4445;0.326006;-0.0547751;5.49739
-7.08662;-12.2821;79.3161;0.352133;-0.0411666;5.52631
-6.83899;-12.1654;77.8569;0.415438;-0.0118371;5.53933
-7.165;-12.3867;80.6178;0.325161;0.0479883;5.57612
-7.22769;-12.079;77.7524;0.370151;-0.203058;5.59039
-7.54656;-11.9828;77.763;0.474089;0.00791139;5.62437
-7.91154;-11.8732;78.4529;0.454483;0.0178977;5.65586
-8.29454;-11.456;77.5761;0.411383;-0.159188;5.68128
-9.47282;-11.4193;80.0549;0.278664;-0.0304856;5.7503
-9.77748;-10.9192;77.3425;0.502017;0.118059;5.7587
-10.5787;-10.494;79.1089;0.436632;0.111877;5.81822
-11.1798;-10.1507;78.3897;0.418196;0.0267203;5.86855
-11.2823;-9.39488;75.7911;0.558124;-0.0297462;5.88941
-12.6609;-9.10382;80.9521;0.114039;-0.0676499;5.97951
-13.1885;-8.7222;79.7824;0.398992;0.0678252;6.0032
-13.4819;-8.16456;77.0527;0.521571;-0.0464994;6.0244
-14.3562;-7.49788;80.7131;0.423882;0.292238;6.07939
-14.5223;-6.87181;77.0425;0.495817;-0.100001;6.11313
-14.8942;-6.55427;77.0527;0.52464;-0.0835309;6.12583
-15.1911;-5.90593;77.5202;0.575861;-0.0661916;6.14021
-15.6884;-5.82194;78.5309;0.514126;-0.0178031;6.16614
-16.0827;-5.44956;78.6322;0.492963;-0.0836981;6.19368
-16.0485;-5.34417;76.373;0.639968;-0.0715984;6.16427
-16.4444;-5.20962;77.2751;0.595947;-0.208413;6.15982
-16.294;-5.22332;76.0027;0.666801;-0.240535;6.14529
-15.9307;-5.40952;74.7568;0.67859;-0.336392;6.12248
-16.4228;-5.74282;75.915;0.592208;-0.439663;6.11707
-16.4329;-5.88837;75.6374;0.635065;-0.528656;6.0855
-16.6739;-6.07864;75.6338;0.607958;-0.596798;6.07364
-17.2599;-6.63956;76.0341;0.561486;-0.610081;6.08737
-16.3628;-6.95547;72.4102;0.703538;-0.683942;6.03246
-16.7887;-7.16966;73.3033;0.547089;-0.800733;6.03346
-16.7919;-7.83904;72.8909;0.663102;-0.73388;6.03686
-17.0301;-8.28272;74.2991;0.603641;-0.7244;6.05575
-15.9231;-8.2426;69.7652;0.690372;-0.844785;5.98113
-16.7609;-8.41566;73.4472;0.491371;-0.845502;6.03193
-15.837;-8.04143;69.4629;0.601725;-0.944034;5.95535
-16.1789;-7.94617;72.6169;0.550423;-0.892108;5.95911
-16.2664;-8.13223;72.5497;0.498428;-0.874607;5.95492
-15.4976;-7.3223;67.8784;0.50254;-1.02619;5.8745
-15.6753;-7.28962;70.3169;0.430413;-0.944632;5.90343
-15.5361;-7.10765;70.3121;0.436725;-0.90306;5.89978
-15.2485;-6.52381;69.3276;0.495155;-0.951678;5.86024
-15.473;-6.47638;71.0744;0.490548;-0.829466;5.90143
-15.4016;-6.29793;71.2523;0.462705;-0.815271;5.90803
-15.2155;-5.99085;70.0562;0.47941;-0.862065;5.90146
-15.1127;-5.93512;70.168;0.477627;-0.842225;5.91154
-15.2044;-5.89873;71.0851;0.448934;-0.816959;5.93137
-15.2693;-5.86696;71.2906;0.409707;-0.821378;5.94026
-15.0606;-5.87101;70.0216;0.466167;-0.855102;5.92177
-14.8191;-5.99307;69.3247;0.528828;-0.850421;5.8973
-15.443;-6.33436;71.9562;0.467459;-0.787915;5.9292
-15.2531;-6.41612;70.8692;0.433574;-0.887248;5.90379
-15.1637;-6.46928;69.994;0.464162;-0.897579;5.88749
-14.7315;-6.51166;69.0505;0.472384;-0.957341;5.85107
-15.3947;-6.70691;70.1334;0.47716;-0.937388;5.87056
-15.4183;-6.86544;70.146;0.539151;-0.906163;5.87087
-15.5367;-6.99141;69.955;0.475779;-0.946927;5.8659
-15.4881;-7.18481;69.7441;0.522548;-0.966224;5.84939
-15.3703;-7.14932;68.3981;0.526412;-1.03017;5.82284
-15.3857;-7.19182;67.9645;0.509345;-1.05902;5.82121
-15.8145;-7.58394;70.3157;0.530883;-0.96343;5.8432
-16.0212;-7.47406;70.5033;0.455124;-1.00339;5.8354
-15.6455;-7.1765;68.0838;0.497908;-1.09009;5.78712
-15.4722;-7.17943;67.1919;0.551113;-1.0622;5.76822
-15.7513;-6.89187;68.6293;0.451931;-1.09479;5.76675
-15.6555;-6.8567;67.6947;0.454871;-1.09623;5.75223
-15.9673;-7.07733;69.4509;0.443356;-1.06401;5.76452
-16.1661;-6.81098;69.4603;0.438933;-1.05126;5.77181
-16.1681;-6.87915;69.2366;0.405147;-1.06252;5.77218
-15.6889;-6.6679;67.0907;0.471979;-1.09609;5.74478
-16.0187;-6.41195;68.2065;0.456405;-1.08372;5.75918
-15.9514;-6.53501;68.041;0.523961;-1.02338;5.76597
-15.9005;-6.53911;68.2198;0.564066;-0.992679;5.78224
-15.7874;-6.39791;66.8052;0.531189;-1.02615;5.79859
-16.3537;-6.739;70.109;0.529589;-0.836396;5.91517
-16.4172;-6.67929;70.4314;0.51646;-0.822597;5.95893
-15.9202;-6.54544;68.2695;0.631613;-0.762316;5.99911
-16.0881;-6.62118;69.8177;0.549227;-0.68374;6.0724
-15.9197;-6.49375;69.0581;0.695861;-0.529853;6.11206
-16.0911;-6.42243;70.1609;0.710225;-0.388188;6.17481
-15.7918;-6.00914;69.397;-0.706643;0.306298;0.105774
-16.2151;-5.98433;71.3964;-0.614177;0.193228;0.0958005
-15.8641;-5.58578;69.9883;-0.660817;0.175481;0.108664
-15.5075;-4.89937;68.4792;-0.727293;0.168101;0.120251
-15.899;-4.7018;69.9959;-0.571059;0.177568;0.0827517
-15.4369;-4.40025;68.3273;-0.611424;0.114827;0.0855003
-15.4169;-4.03042;68.5063;-0.586392;0.00110435;0.0796016
-15.2877;-3.62384;69.526;-0.546777;-0.0388782;0.0550119
-14.917;-3.22737;66.9436;-0.677919;-0.0237266;0.0928823
-15.2381;-2.96867;69.2902;-0.530605;-0.202849;0.0802413
-15.0637;-2.84185;67.9737;-0.559296;-0.209301;0.0904171
-14.7798;-2.72741;67.372;-0.590923;-0.265205;0.100956
-14.9738;-2.62341;69.0501;-0.436186;-0.122806;0.067535
-14.6913;-2.59212;66.6207;-0.531578;-0.114855;0.0846003
-14.6291;-2.60079;66.8772;-0.527633;-0.144954;0.0834945
-14.4327;-2.58237;65.5755;-0.565956;-0.0546736;0.0821508
-14.5404;-2.53356;66.2148;-0.504849;-0.0899342;0.072165
-14.6666;-2.54183;66.8139;-0.438805;-0.0772166;0.060867
-14.4792;-2.5029;65.4914;-0.559749;-0.111824;0.0789304
-14.5431;-2.47259;65.383;-0.534743;-0.0489824;0.0724507
-14.703;-2.38053;65.9298;-0.448853;-0.116852;0.0666687
-11.5589;-4.11323;38.2347;-0.0616988;0.188215;0.0166992
-11.484;-4.07023;38.5502;-0.0377253;0.183716;0.0213625
-11.5701;-4.08278;39.3366;0.00458002;0.117413;0.0223994
-11.4714;-4.0058;39.1263;-0.0733889;0.157432;0.0228184
-11.4186;-3.97363;39.6315;-0.0187773;0.215928;0.0274783
-11.411;-4.06763;40.3756;-0.0214409;0.12258;0.0227109
-11.3495;-4.17934;40.5967;-0.0732598;0.138782;0.0238134
